PositionX, PositionZ, time
11.87, 0, 1
11.87, 0, 2
11.87, 0, 3
11.87, 0, 4
11.87, 0, 5
11.87, 0, 6
11.87, 0, 7
11.87, 0, 8
11.87, 0, 9
11.87, 0, 10
11.87, 0, 11
11.87, 0, 12
11.87, 0, 13
11.87408, 0.01921327, 1
11.8361, 0.03508882, 2
11.8361, 0.03508882, 3
11.8361, 0.03508882, 4
9.247169, -0.3144149, 5
-0.8246193, -1.734279, 6
-3.604607, -2.307031, 7
-6.525218, -2.097438, 8
-8.930587, -3.846112, 9
-10.19516, -6.523651, 10
-11.02392, -9.348738, 11
-11.4408, -11.11187, 12
-11.10978, -8.514001, 13
-10.89623, -8.619661, 14
-10.89623, -8.619661, 15
-10.89623, -8.619661, 16
-10.89623, -8.619661, 17
-11.00534, -8.631981, 18
-11.00534, -8.631981, 19
-11.00534, -8.631981, 20
-11.00534, -8.631981, 21
-11.00534, -8.631981, 22
-11.00534, -8.631981, 23
-11.00534, -8.631981, 24
-11.00534, -8.631981, 25
-11.00534, -8.631981, 26
-10.88583, -8.574012, 27
-10.45054, -8.553914, 28
-10.11247, -8.761171, 29
-9.922496, -8.496028, 30
-8.172122, -8.660532, 31
-5.385383, -9.528607, 32
-2.369919, -9.678085, 33
-1.973735, -9.724325, 34
-1.973735, -9.724325, 35
-1.973735, -9.724325, 36
-1.973735, -9.724325, 37
-1.973735, -9.724325, 38
-1.973735, -9.724325, 39
-1.973735, -9.724325, 40
-1.973735, -9.724325, 41
-3.506948, -9.496377, 42
-6.066274, -8.360258, 43
-7.72988, -8.360232, 44
-7.919177, -8.399253, 45
-7.915324, -8.120116, 46
-10.79504, -7.748086, 47
-10.97261, -7.78839, 48
-10.97261, -7.78839, 49
-10.97261, -7.78839, 50
-10.97261, -7.78839, 51
12.12803, 0.1577774, 1
10.93168, 0.4712969, 2
-6.663199, -3.009416, 3
-9.185958, -4.581909, 4
-10.12493, -7.442361, 5
-9.427564, -8.937287, 6
-6.860322, -9.384344, 7
-4.030391, -9.457225, 8
-2.741626, -10.31439, 9
-0.8224592, -9.61169, 10
1.699773, -10.37623, 11
2.833697, -9.822827, 12
2.821043, -10.62902, 13
2.857907, -9.852519, 14
4.722297, -9.11864, 15
6.66258, -9.13921, 16
9.270989, -8.970644, 17
7.537335, -9.047716, 18
4.9805, -9.007036, 19
2.270343, -8.860138, 20
-0.3801546, -9.363068, 21
-0.2033834, -8.682004, 22
-0.7368155, -8.433263, 23
-0.7479124, -8.435647, 24
-0.7479124, -8.435647, 25
-0.9988937, -8.358845, 26
-0.7424288, -8.84373, 27
2.289185, -8.672101, 28
5.031019, -8.980765, 29
5.229436, -9.08675, 30
6.445584, -8.95193, 31
6.445584, -8.95193, 32
6.445584, -8.95193, 33
8.155491, -9.17935, 34
11.02182, -9.179349, 35
12.72041, -8.687984, 36
12.87167, -8.046084, 37
12.34843, -6.788911, 38
10.75, -7.41215, 39
10.4119, -9.745778, 40
7.679788, -9.562254, 41
4.974344, -9.776154, 42
2.574895, -8.560027, 43
0.9633074, -7.483845, 44
0.9447021, -7.776048, 45
1.186785, -8.112305, 46
-0.414423, -8.967128, 47
-2.380961, -8.9669, 48
-2.399286, -8.9669, 49
-2.358224, -8.690306, 50
-1.842946, -8.952024, 51
-1.995498, -8.654448, 52
-3.310177, -8.604584, 53
-3.288324, -8.639739, 54
-3.288324, -8.639739, 55
-3.288324, -8.639739, 56
-3.288324, -8.639739, 57
-3.288324, -8.639739, 58
-3.288324, -8.639739, 59
11.87, 0, 1
11.31374, -0.7457629, 2
11.32651, -0.674226, 3
9.591816, -0.8397186, 4
6.674976, -1.553289, 5
3.543793, -1.934458, 6
-1.568864, -2.18082, 7
-4.424609, -2.902226, 8
-7.425687, -3.340774, 9
-9.662383, -5.127384, 10
-11.74766, -7.296797, 11
-12.40421, -8.040733, 12
-12.17674, -7.950507, 13
-12.5038, -7.923587, 14
-10.07916, -8.486488, 15
-10.54037, -8.609643, 16
-8.172261, -9.868592, 17
-5.474719, -9.902016, 18
-2.858685, -10.52293, 19
0.1748266, -10.32679, 20
2.407903, -10.29942, 21
3.252786, -10.50597, 22
4.446513, -9.513358, 23
6.934422, -8.936876, 24
7.944069, -9.288948, 25
8.86589, -9.570019, 26
10.96986, -9.574081, 27
13.05104, -9.210406, 28
12.39994, -6.966809, 29
10.85738, -8.226637, 30
10.30575, -9.323318, 31
7.837039, -9.4792, 32
4.824451, -9.494553, 33
3.86138, -9.134981, 34
0.9930429, -8.554346, 35
-1.422512, -8.613198, 36
-2.751547, -8.565602, 37
-1.608794, -8.565602, 38
-2.92626, -8.818073, 39
-4.735854, -8.589427, 40
-6.63938, -9.340808, 41
-5.745082, -9.928551, 42
-3.019406, -9.984188, 43
-0.4899721, -9.189323, 44
2.581268, -9.841548, 45
3.281661, -10.72445, 46
3.342031, -10.69123, 47
3.342031, -11.29831, 48
3.342031, -11.38451, 49
3.342031, -11.38451, 50
3.342031, -11.38451, 51
11.29915, 0.1455376, 1
11.29473, 0.2863503, 2
11.29473, 0.2863503, 3
11.29473, 0.2863503, 4
11.29473, 0.2863503, 5
11.29473, 0.2863503, 6
11.87, 0, 1
11.87, 0, 2
11.87, 0, 3
11.87, 0, 4
11.87, 0, 5
11.87, 0, 6
11.87, 0, 7
11.87, 0, 8
11.87, 0, 9
11.87, 0, 10
11.87, 0, 11
11.87, 0, 12
11.87, 0, 13
11.87, 0, 14
11.87, 0, 15
11.87, 0, 16
11.87, 0, 17
11.87, 0, 18
11.87, 0, 19
11.87, 0, 20
11.93369, 0.05347853, 21
9.128696, -0.8204665, 22
2.456313, -2.490677, 23
0.03604507, -4.169919, 24
-2.745107, -4.645607, 25
-4.8175, -6.593272, 26
-5.434867, -8.693892, 27
-5.456996, -8.769263, 28
-2.68947, -8.854903, 29
-0.2670689, -9.1245, 30
0.6772232, -9.998334, 31
2.1979, -9.077677, 32
5.127611, -9.195508, 33
8.133379, -9.138619, 34
6.384192, -9.185272, 35
4.116186, -9.200873, 36
3.154662, -9.224569, 37
0.6094933, -9.167319, 38
0.9145088, -9.294595, 39
3.720188, -9.23472, 40
2.654057, -9.24219, 41
-0.4795122, -9.161472, 42
0.1052322, -9.321099, 43
2.886538, -9.212118, 44
4.211849, -9.187106, 45
1.19768, -8.964502, 46
-0.2823744, -9.202802, 47
1.843843, -9.695726, 48
-0.1881371, -10.71331, 49
-1.405783, -9.252698, 50
-1.566917, -9.004315, 51
-2.834606, -9.015256, 52
-4.61818, -9.101054, 53
-5.419341, -8.333209, 54
-6.577621, -8.338863, 55
-5.304305, -8.039938, 56
-3.411593, -8.888697, 57
-0.7501574, -9.122158, 58
1.181882, -10.98334, 59
0.9269972, -10.31399, 60
0.9269972, -10.31399, 61
0.9269972, -10.31399, 62
11.9596, 0.1199902, 1
11.7389, -0.01648527, 2
9.245823, -1.259895, 3
5.932394, -1.930813, 4
-2.399439, -4.345232, 5
-2.413325, -4.342281, 6
-3.819222, -4.526603, 7
-5.444663, -7.001172, 8
-5.601008, -7.980528, 9
-5.720737, -8.387023, 10
-5.720737, -8.387023, 11
-5.819333, -8.461635, 12
-4.01223, -9.092069, 13
-1.979482, -9.590031, 14
-1.423987, -9.45282, 15
-2.904516, -9.664362, 16
-4.50044, -9.546217, 17
-4.50044, -9.546217, 18
-4.005557, -9.258924, 19
-3.209582, -9.537796, 20
-0.2337885, -9.322461, 21
0.8257694, -9.218538, 22
1.579431, -9.215347, 23
1.579431, -9.215347, 24
1.579431, -9.215347, 25
1.796706, -8.984846, 26
1.796706, -8.984846, 27
1.796706, -8.984846, 28
1.796706, -8.984846, 29
1.796706, -8.984846, 30
1.796706, -8.984846, 31
1.796706, -8.984846, 32
1.796706, -8.984846, 33
1.796706, -8.984846, 34
1.796706, -8.984846, 35
1.796706, -8.984846, 36
1.796706, -8.984846, 37
1.796706, -8.984846, 38
1.796706, -8.984846, 39
1.702417, -8.336365, 40
1.702417, -8.336365, 41
1.44448, -8.3453, 42
1.390467, -8.476112, 43
1.661137, -8.62033, 44
1.661137, -8.62033, 45
1.722286, -8.490722, 46
1.504466, -8.924405, 47
1.430585, -9.613814, 48
1.430585, -9.613814, 49
1.430585, -9.613814, 50
1.378605, -9.485944, 51
1.925908, -9.100786, 52
2.293268, -8.524838, 53
2.107452, -8.736563, 54
2.087043, -8.886482, 55
2.092168, -8.87759, 56
1.597951, -8.776381, 57
1.320729, -9.15719, 58
0.574687, -9.124749, 59
-2.362963, -8.922458, 60
-4.822505, -8.893887, 61
-4.890412, -9.263762, 62
-2.66421, -9.380478, 63
0.4010839, -9.255514, 64
2.399765, -9.546812, 65
2.489636, -9.726011, 66
1.897526, -10.67943, 67
0.1757555, -10.48905, 68
-0.5682993, -9.251911, 69
-1.250013, -9.871466, 70
-0.937192, -9.865767, 71
-1.000318, -9.766818, 72
-1.000318, -9.766818, 73
-1.000318, -9.766818, 74
11.87, 0, 1
11.87, 0, 2
11.87, 0, 3
11.87, 0, 4
11.87, 0, 5
11.87, 0, 6
11.58448, -0.1885658, 7
-2.878161, -4.603072, 8
-4.867927, -6.566319, 9
-4.980964, -8.981616, 10
-2.468846, -9.352769, 11
-0.8728914, -9.736843, 12
-0.865943, -9.779436, 13
1.265109, -8.870878, 14
1.781411, -8.875399, 15
2.202335, -8.954895, 16
2.165723, -8.705897, 17
2.440271, -9.330392, 18
2.729193, -9.482967, 19
3.021483, -9.482315, 20
2.737603, -9.455759, 21
2.737603, -9.455759, 22
2.737603, -9.455759, 23
2.737603, -9.455759, 24
3.412469, -9.469872, 25
3.231271, -9.418301, 26
3.231271, -9.418301, 27
3.445218, -9.425097, 28
3.246079, -9.385458, 29
2.097579, -9.283327, 30
2.097579, -9.283327, 31
2.097579, -9.283327, 32
2.097579, -9.283327, 33
2.097579, -9.283327, 34
11.87, 0, 1
11.87, 0, 2
11.87, 0, 3
11.87, 0, 4
11.87, 0, 5
11.87, 0, 6
11.87, 0, 7
11.87, 0, 8
11.87, 0, 9
11.87, 0, 10
11.87, 0, 11
11.87, 0, 12
11.87, 0, 13
11.87, 0, 14
11.87, 0, 15
11.87, 0, 16
11.87, 0, 17
11.87, 0, 18
11.87, 0, 19
11.87, 0, 20
11.87, 0, 21
11.87, 0, 22
11.87, 0, 23
11.87, 0, 24
11.87, 0, 25
11.87, 0, 26
11.87, 0, 27
11.87, 0, 28
11.87, 0, 29
11.87, 0, 30
11.87, 0, 31
11.87, 0, 1
11.87, 0, 2
11.87, 0, 3
11.87, 0, 4
11.87, 0, 5
11.87, 0, 6
11.98159, 0.2689674, 7
11.05256, 0.1138545, 8
9.740025, -2.148693, 9
8.418872, -3.330721, 10
8.418872, -3.330721, 11
6.577165, -3.651832, 12
4.655056, -4.846036, 13
4.746825, -4.822701, 14
2.671007, -2.981668, 15
0.3133736, -3.146889, 16
0.3097467, -3.146979, 17
0.1741772, -3.152765, 18
0.08798695, -3.392744, 19
0.08058453, -3.254539, 20
0.3055391, -3.16199, 21
0.003982544, -2.625538, 22
-1.801037, -3.056422, 23
-3.037591, -3.199324, 24
-3.785282, -3.633046, 25
-3.873831, -3.735565, 26
-3.650826, -3.631643, 27
-3.650826, -3.631643, 28
-3.788274, -3.631907, 29
-3.788274, -3.631907, 30
-3.639791, -3.982592, 31
-3.780982, -3.63879, 32
-4.268235, -4.029861, 33
-4.281903, -4.184682, 34
-4.339229, -4.20108, 35
-5.699063, -5.089723, 36
-6.815024, -5.363478, 37
-5.594928, -6.788079, 38
-5.602477, -7.870383, 39
-5.442697, -5.520836, 40
-5.930272, -7.237967, 41
-5.501054, -6.440379, 42
-5.971681, -7.765149, 43
-5.971681, -7.765149, 44
-5.971681, -7.765149, 45
-5.971681, -7.765149, 46
-5.971681, -7.765149, 47
-5.971681, -7.765149, 48
-5.971681, -7.765149, 49
-5.971681, -7.765149, 50
-5.971681, -7.765149, 51
-5.971681, -7.765149, 52
-5.971681, -7.765149, 53
-5.971681, -7.765149, 54
-5.971681, -7.765149, 55
-5.971681, -7.765149, 56
-5.971681, -7.765149, 57
-5.971681, -7.765149, 58
-5.971681, -7.765149, 59
-5.971681, -7.765149, 60
-5.971681, -7.765149, 61
-5.971681, -7.765149, 62
-5.971681, -7.765149, 63
-5.971681, -7.765149, 64
-5.971681, -7.765149, 65
-5.971681, -7.765149, 66
-5.971681, -7.765149, 67
-5.971681, -7.765149, 68
-5.971681, -7.765149, 69
-5.971681, -7.765149, 70
-5.971681, -7.765149, 71
-5.971681, -7.765149, 72
-5.996703, -8.327204, 73
-5.508729, -8.948061, 74
-5.083842, -8.929251, 75
-2.418468, -9.521814, 76
-1.624876, -9.052899, 77
-1.420531, -9.543168, 78
0.5370445, -9.34154, 79
2.547179, -9.547666, 80
2.501627, -9.848671, 81
2.501627, -9.848671, 82
1.10717, -8.759864, 83
-1.636297, -9.092319, 84
-2.489931, -9.151326, 85
-2.22295, -8.823443, 86
-2.163347, -9.117683, 87
-2.445073, -9.189054, 88
-2.445073, -9.189054, 89
-2.445073, -9.189054, 90
-1.828718, -9.35089, 91
-0.06719398, -9.420017, 92
1.764096, -9.517614, 93
2.523249, -9.462995, 94
2.523249, -9.462995, 95
3.135312, -9.291909, 96
3.514698, -9.276361, 97
0.9744463, -9.37158, 98
-1.036733, -9.817764, 99
-1.421419, -9.855702, 100
-1.406498, -9.918308, 101
-1.262336, -9.764148, 102
-0.9357786, -9.257195, 103
-0.919919, -9.048962, 104
-1.026772, -8.995561, 105
-1.026772, -8.995561, 106
-1.026772, -8.995561, 107
-1.026772, -8.995561, 108
-1.026772, -8.995561, 109
-1.701124, -9.418655, 110
-2.467317, -9.488342, 111
-2.688355, -9.487968, 112
-2.688355, -9.487968, 113
-2.688355, -9.487968, 114
-2.688355, -9.487968, 115
-2.688355, -9.487968, 116
-2.688355, -9.487968, 117
-2.688355, -9.487968, 118
-2.688355, -9.487968, 119
-2.688355, -9.487968, 120
-2.688355, -9.487968, 121
-2.688355, -9.487968, 122
-2.688355, -9.487968, 123
-2.688355, -9.487968, 124
-2.688355, -9.487968, 125
-2.688355, -9.487968, 126
-2.688355, -9.487968, 127
-2.688355, -9.487968, 128
-2.688355, -9.487968, 129
-2.688355, -9.487968, 130
-2.688355, -9.487968, 131
-2.688355, -9.487968, 132
-2.688355, -9.487968, 133
-2.688355, -9.487968, 134
-2.688355, -9.487968, 135
-2.688355, -9.487968, 136
-2.688355, -9.487968, 137
-2.688355, -9.487968, 138
-2.688355, -9.487968, 139
-2.688355, -9.487968, 140
-2.98525, -9.35701, 141
-3.955558, -9.219573, 142
-3.863643, -9.404099, 143
-3.947673, -9.216867, 144
-4.467193, -9.211785, 145
-4.467193, -9.211785, 146
-4.467193, -9.211785, 147
-4.467193, -9.211785, 148
-4.369098, -9.313509, 149
-4.425948, -9.499063, 150
-4.779969, -9.536242, 151
-4.114656, -9.33296, 152
-1.084985, -9.384086, 153
1.954267, -9.498299, 154
3.950324, -9.315711, 155
4.511665, -9.315711, 156
6.399089, -9.304247, 157
7.018213, -9.017436, 158
7.08275, -8.806089, 159
7.467096, -8.77271, 160
7.3382, -8.79137, 161
6.434095, -9.288723, 162
4.34947, -9.288727, 163
2.058663, -8.675782, 164
-0.3799801, -9.213732, 165
-2.311538, -9.023895, 166
-4.387551, -9.017279, 167
-4.387551, -9.017279, 168
-4.604253, -9.013677, 169
-4.967969, -8.048548, 170
-4.967969, -8.048548, 171
-4.967969, -8.048548, 172
-4.967969, -8.048548, 173
-4.967969, -8.048548, 174
-4.967969, -8.048548, 175
-4.967969, -8.048548, 176
-4.967969, -8.048548, 177
-4.967969, -8.048548, 178
-4.967969, -8.048548, 179
-4.967969, -8.048548, 180
-4.967969, -8.048548, 181
-4.967969, -8.048548, 182
-4.967969, -8.048548, 183
-4.967969, -8.048548, 184
-4.967969, -8.048548, 185
-4.967969, -8.048548, 186
-4.967969, -8.048548, 187
-4.967969, -8.048548, 188
-4.967969, -8.048548, 189
-4.967969, -8.048548, 190
-4.967969, -8.048548, 191
-4.967969, -8.048548, 192
-4.967969, -8.048548, 193
-4.967969, -8.048548, 194
-4.967969, -8.048548, 195
-4.967969, -8.048548, 196
-4.967969, -8.048548, 197
-4.967969, -8.048548, 198
-4.967969, -8.048548, 199
-4.967969, -8.048548, 200
-4.967969, -8.048548, 201
-4.967969, -8.048548, 202
-4.967969, -8.048548, 203
-6.112197, -6.184898, 204
-5.568591, -4.444677, 205
-5.568591, -4.444677, 206
-5.568591, -4.444677, 207
-5.568591, -4.444677, 208
-5.568591, -4.444677, 209
-5.568591, -4.444677, 210
-5.568591, -4.444677, 211
-5.568591, -4.444677, 212
-5.568591, -4.444677, 213
-5.568591, -4.444677, 214
-5.568591, -4.444677, 215
-5.568591, -4.444677, 216
-5.568591, -4.444677, 217
-5.568591, -4.444677, 218
-5.568591, -4.444677, 219
-5.568591, -4.444677, 220
-5.568591, -4.444677, 221
-5.568591, -4.444677, 222
-5.568591, -4.444677, 223
-5.568591, -4.444677, 224
-5.568591, -4.444677, 225
-5.568591, -4.444677, 226
-5.568591, -4.444677, 227
-5.568591, -4.444677, 228
-5.997012, -5.430346, 229
-5.594857, -6.583314, 230
-5.594857, -6.583314, 231
-5.594857, -6.583314, 232
-5.594857, -6.583314, 233
-5.594857, -6.583314, 234
-5.594857, -6.583314, 235
-5.594857, -6.583314, 236
-5.594857, -6.583314, 237
-5.594857, -6.583314, 238
-5.594857, -6.583314, 239
-5.594857, -6.583314, 240
-5.594857, -6.583314, 241
-5.594857, -6.583314, 242
-5.594857, -6.583314, 243
-5.594857, -6.583314, 244
-5.594857, -6.583314, 245
-5.594857, -6.583314, 246
-5.594857, -6.583314, 247
-5.780643, -7.083972, 248
-5.414237, -7.903609, 249
-5.442651, -8.612514, 250
-5.346049, -8.175263, 251
-5.346049, -8.175263, 252
-5.346049, -8.175263, 253
-5.346049, -8.175263, 254
-5.325419, -8.170646, 255
-5.325419, -8.170646, 256
-5.325419, -8.170646, 257
-5.325419, -8.170646, 258
-5.325419, -8.170646, 259
-5.325419, -8.170646, 260
-5.325419, -8.170646, 261
-5.325419, -8.170646, 262
-5.325419, -8.170646, 263
-5.325419, -8.170646, 264
-5.325419, -8.170646, 265
-5.325419, -8.170646, 266
-5.325419, -8.170646, 267
-5.325419, -8.170646, 268
-5.325419, -8.170646, 269
-5.325419, -8.170646, 270
-4.555411, -9.510147, 271
-4.086013, -8.852178, 272
-2.484281, -9.188865, 273
0.4938698, -9.200197, 274
2.12443, -8.716953, 275
2.12443, -8.716953, 276
2.12443, -8.716953, 277
2.12443, -8.716953, 278
2.12443, -8.716953, 279
1.804434, -9.095009, 280
0.7886524, -9.74686, 281
0.3307714, -9.836818, 282
-1.342517, -9.910401, 283
-1.416523, -9.868962, 284
-4.857812, -9.278296, 285
-5.590911, -9.128244, 286
-5.821525, -8.880968, 287
-5.821525, -8.880968, 288
-5.821525, -8.880968, 289
-5.821525, -8.880968, 290
-5.593051, -9.136275, 291
-5.586745, -9.140728, 292
-5.440001, -9.247688, 293
-5.135085, -9.47116, 294
-4.518445, -9.90889, 295
-4.518445, -9.90889, 296
-4.518445, -9.90889, 297
-4.518445, -9.90889, 298
-4.518445, -9.90889, 299
-4.518445, -9.90889, 300
-4.518445, -9.90889, 301
-5.030311, -8.239727, 302
-4.567309, -8.609222, 303
-1.580452, -8.710364, 304
1.41398, -8.877006, 305
4.4515, -8.91717, 306
7.56011, -8.917175, 307
8.307787, -8.781816, 308
8.307787, -8.781816, 309
8.307787, -8.781816, 310
8.307787, -8.781816, 311
8.307787, -8.781816, 312
8.307787, -8.781816, 313
8.307787, -8.781816, 314
8.307787, -8.781816, 315
8.307787, -8.781816, 316
8.307787, -8.781816, 317
8.307787, -8.781816, 318
8.307787, -8.781816, 319
7.561052, -8.310872, 320
7.302572, -8.115924, 321
7.508929, -4.95635, 322
7.921381, -1.923746, 323
8.382546, 1.057492, 324
9.521066, 3.257957, 325
8.248138, 5.942791, 326
7.676423, 8.931631, 327
7.794524, 9.073775, 328
7.794524, 9.073775, 329
7.794524, 9.073775, 330
7.523938, 8.919904, 331
6.764903, 8.216786, 332
4.257091, 6.698915, 333
2.199697, 4.513159, 334
-0.1664677, 2.596221, 335
-0.9424782, 1.816018, 336
-1.770152, 0.5475844, 337
-2.932123, -1.065862, 338
-2.932123, -1.065862, 339
-2.932123, -1.065862, 340
-2.932123, -1.065862, 341
-2.932123, -1.065862, 342
-2.932123, -1.065862, 343
-3.004668, -1.078241, 344
-3.004668, -1.078241, 345
-3.004668, -1.078241, 346
-3.004668, -1.078241, 347
-3.004668, -1.078241, 348
-3.004668, -1.078241, 349
-3.004668, -1.078241, 350
-3.004668, -1.078241, 351
-3.004668, -1.078241, 352
-3.004668, -1.078241, 353
11.87, 0, 1
11.74317, -0.5624004, 2
11.77644, -2.627873, 3
11.08087, -3.156377, 4
8.269161, -3.896663, 5
5.858341, -2.515667, 6
4.678524, -4.515648, 7
2.906281, -6.036758, 8
2.945418, -5.787239, 9
1.805873, -4.626212, 10
1.805873, -4.626212, 11
1.805873, -4.626212, 12
1.805873, -4.626212, 13
1.805873, -4.626212, 14
1.805873, -4.626212, 15
0.5032263, -4.757901, 16
-2.234884, -5.101633, 17
-2.615834, -5.021033, 18
-2.615834, -5.021033, 19
-2.615834, -5.021033, 20
-2.615834, -5.021033, 21
-3.559715, -5.415062, 22
-4.713405, -6.494445, 23
-4.713405, -6.494445, 24
-5.665202, -6.912342, 25
-6.091937, -7.066821, 26
-6.091937, -7.066821, 27
-6.091937, -7.066821, 28
-6.163562, -7.067122, 29
-6.197295, -7.564322, 30
-6.035769, -8.42555, 31
-6.035769, -8.42555, 32
-6.035769, -8.42555, 33
-6.035769, -8.42555, 34
-6.035769, -8.42555, 35
-6.035769, -8.42555, 36
-6.127109, -7.785403, 37
-6.127109, -7.785403, 38
-6.127109, -7.785403, 39
-6.127109, -7.785403, 40
-6.127109, -7.785403, 41
-6.175799, -7.760954, 42
-6.175799, -7.760954, 43
-6.175799, -7.760954, 44
-6.175799, -7.760954, 45
-6.175799, -7.760954, 46
-6.175799, -7.760954, 47
-6.175799, -7.760954, 48
-6.175799, -7.760954, 49
-6.155292, -7.75073, 50
-6.016166, -8.40762, 51
-6.016166, -8.40762, 52
-6.016166, -8.40762, 53
-6.016166, -8.40762, 54
-6.016166, -8.40762, 55
-6.016166, -8.40762, 56
-6.016166, -8.40762, 57
-6.016166, -8.40762, 58
-6.016166, -8.40762, 59
-6.016166, -8.40762, 60
-6.016166, -8.40762, 61
-6.016166, -8.40762, 62
-6.016166, -8.40762, 63
-6.016166, -8.40762, 64
-6.016166, -8.40762, 65
-6.016166, -8.40762, 66
-6.016166, -8.40762, 67
-6.016166, -8.40762, 68
-5.437602, -8.611931, 69
-5.278277, -8.976876, 70
-5.259496, -8.99014, 71
-5.072719, -8.903188, 72
-4.679048, -9.118164, 73
-4.912211, -8.904351, 74
-3.859153, -9.175274, 75
-0.998044, -9.203438, 76
1.933566, -8.75792, 77
2.275276, -8.726954, 78
2.312649, -8.750415, 79
3.547225, -9.29353, 80
6.352137, -9.276137, 81
8.509965, -9.003775, 82
8.509965, -9.003775, 83
8.509965, -9.003775, 84
8.509965, -9.003775, 85
8.509965, -9.003775, 86
8.511641, -9.002098, 87
8.514128, -9.000733, 88
8.547323, -8.662514, 89
8.547323, -8.662514, 90
8.547323, -8.662514, 91
7.323027, -8.438652, 92
7.51345, -9.25654, 93
7.402189, -9.457275, 94
7.234454, -9.127573, 95
4.882134, -9.304029, 96
2.0962, -9.623735, 97
1.664611, -9.550685, 98
1.664611, -9.550685, 99
1.664611, -9.550685, 100
1.664611, -9.550685, 101
1.664611, -9.550685, 102
1.664611, -9.550685, 103
1.664611, -9.550685, 104
1.664611, -9.550685, 105
1.664611, -9.550685, 106
2.527194, -9.176755, 107
2.695607, -9.253626, 108
1.078683, -9.21007, 109
1.173301, -9.029481, 110
0.5297594, -8.536416, 111
1.407294, -8.936335, 112
1.109003, -8.36065, 113
0.5572023, -9.263544, 114
-0.01105022, -9.26139, 115
0.8415613, -9.522161, 116
1.063863, -9.771085, 117
0.8309622, -9.894787, 118
-1.944083, -9.47966, 119
-4.83184, -9.325691, 120
-5.91928, -8.556384, 121
-5.726693, -8.692391, 122
-5.153502, -8.795811, 123
-4.354964, -9.009573, 124
-1.630327, -9.046499, 125
1.002385, -9.09089, 126
2.432693, -8.134725, 127
2.432693, -8.134725, 128
2.432693, -8.134725, 129
1.107166, -8.686852, 130
0.8564844, -9.198427, 131
-1.342694, -9.19466, 132
-4.140456, -9.260043, 133
-5.491153, -8.883499, 134
-5.347476, -8.984965, 135
-4.779685, -9.248816, 136
-4.983479, -9.073453, 137
-2.167645, -8.996686, 138
0.529315, -9.227992, 139
2.396891, -8.19596, 140
2.4781, -7.881658, 141
1.440831, -5.379275, 142
1.69593, -2.449649, 143
1.196328, 0.4858001, 144
2.107762, 3.042919, 145
2.314253, 5.965966, 146
2.865932, 8.791767, 147
4.184453, 8.74323, 148
4.63134, 6.11949, 149
7.167185, 4.546042, 150
8.888761, 2.359571, 151
11.5768, 0.8718857, 152
14.36985, 0.3846998, 153
17.2324, 1.472057, 154
18.62081, 1.0042, 155
18.59125, 0.6727944, 156
20.7907, 1.008551, 157
23.78821, 1.521803, 158
23.98324, 1.597354, 159
23.98324, 1.597354, 160
23.98324, 1.597354, 161
23.98324, 1.597354, 162
23.98324, 1.597354, 163
23.98324, 1.597354, 164
23.98324, 1.597354, 165
23.98324, 1.597354, 166
23.98324, 1.597354, 167
23.98324, 1.597354, 168
23.98324, 1.597354, 169
23.98324, 1.597354, 170
11.93548, 0.1654326, 1
11.07578, 0.06807718, 2
8.558174, -1.482059, 3
5.818657, -2.922779, 4
3.521822, -4.825545, 5
1.619496, -5.004841, 6
-1.1393, -6.082297, 7
-2.428739, -8.220451, 8
-2.502179, -8.813735, 9
-2.502179, -8.813735, 10
-2.502179, -8.813735, 11
-2.829598, -8.737226, 12
-2.442765, -8.916797, 13
-2.44391, -8.56698, 14
-2.411437, -8.931794, 15
-2.411437, -8.931794, 16
-2.411437, -8.931794, 17
-2.411437, -8.931794, 18
11.87, 0, 1
11.87, 0, 2
11.87, 0, 3
11.87, 0, 4
11.87, 0, 5
11.87, 0, 6
11.87, 0, 7
11.87, 0, 8
11.87, 0, 9
11.79946, 0.111725, 10
9.685135, -0.8912886, 11
6.851279, -2.033985, 12
4.734097, -3.466991, 13
2.812289, -3.932894, 14
0.667263, -4.362257, 15
-1.275484, -4.481667, 16
-3.191081, -6.07127, 17
-4.099553, -7.489641, 18
-4.496037, -8.288621, 19
-4.503291, -8.326316, 20
-4.345466, -8.775352, 21
-4.444398, -8.749623, 22
-4.444398, -8.749623, 23
-4.444398, -8.749623, 24
-4.444398, -8.749623, 25
-4.290921, -8.678883, 26
-4.216031, -8.651403, 27
-4.216031, -8.651403, 28
-4.029872, -8.575539, 29
-4.115086, -8.56077, 30
-4.246932, -8.571711, 31
-4.146117, -8.584573, 32
-4.697202, -8.47522, 33
-4.697202, -8.47522, 34
-4.697202, -8.47522, 35
-4.697202, -8.47522, 36
-4.697202, -8.47522, 37
-4.697202, -8.47522, 38
-4.697202, -8.47522, 39
-4.697202, -8.47522, 40
-4.697202, -8.47522, 41
-4.697202, -8.47522, 42
-4.542764, -8.643709, 43
-4.542764, -8.643709, 44
-4.542764, -8.643709, 45
-4.542764, -8.643709, 46
-4.542764, -8.643709, 47
-4.542764, -8.643709, 48
-4.542764, -8.643709, 49
-4.542764, -8.643709, 50
-4.542764, -8.643709, 51
-4.542764, -8.643709, 52
-4.542764, -8.643709, 53
-4.542764, -8.643709, 54
-4.542764, -8.643709, 55
-4.542764, -8.643709, 56
-4.542764, -8.643709, 57
-4.542764, -8.643709, 58
-4.542764, -8.643709, 59
-4.542764, -8.643709, 60
-4.542764, -8.643709, 61
-4.542764, -8.643709, 62
-4.542764, -8.643709, 63
-4.542764, -8.643709, 64
-4.542764, -8.643709, 65
-4.542764, -8.643709, 66
-4.542764, -8.643709, 67
-4.542764, -8.643709, 68
-4.542764, -8.643709, 69
-4.542764, -8.643709, 70
-4.542764, -8.643709, 71
-4.542764, -8.643709, 72
-4.542764, -8.643709, 73
-4.542764, -8.643709, 74
-4.542764, -8.643709, 75
-4.542764, -8.643709, 76
-4.542764, -8.643709, 77
-4.542764, -8.643709, 78
-4.542764, -8.643709, 79
-4.542764, -8.643709, 80
-4.542764, -8.643709, 81
-4.542764, -8.643709, 82
-4.542764, -8.643709, 83
-4.542764, -8.643709, 84
-4.542764, -8.643709, 85
-4.542764, -8.643709, 86
-4.542764, -8.643709, 87
-4.542764, -8.643709, 88
-4.542764, -8.643709, 89
-4.542764, -8.643709, 90
-4.542764, -8.643709, 91
-4.542764, -8.643709, 92
-4.542764, -8.643709, 93
-4.542764, -8.643709, 94
-4.542764, -8.643709, 95
-4.542764, -8.643709, 96
-4.542764, -8.643709, 97
-4.542764, -8.643709, 98
-4.542764, -8.643709, 99
-4.542764, -8.643709, 100
-4.542764, -8.643709, 101
-4.542764, -8.643709, 102
-4.542764, -8.643709, 103
-4.542764, -8.643709, 104
-4.542764, -8.643709, 105
-4.542764, -8.643709, 106
-4.542764, -8.643709, 107
-4.542764, -8.643709, 108
-4.542764, -8.643709, 109
-4.542764, -8.643709, 110
-4.542764, -8.643709, 111
-4.542764, -8.643709, 112
-4.542764, -8.643709, 113
-4.542764, -8.643709, 114
-4.542764, -8.643709, 115
-4.542764, -8.643709, 116
-4.542764, -8.643709, 117
-4.542764, -8.643709, 118
-4.542764, -8.643709, 119
-4.542764, -8.643709, 120
-4.542764, -8.643709, 121
-4.542764, -8.643709, 122
-4.542764, -8.643709, 123
-4.542764, -8.643709, 124
-4.542764, -8.643709, 125
-4.542764, -8.643709, 126
-4.542764, -8.643709, 127
-4.542764, -8.643709, 128
-4.542764, -8.643709, 129
-4.542764, -8.643709, 130
-4.542764, -8.643709, 131
-4.542764, -8.643709, 132
-4.542764, -8.643709, 133
-4.542764, -8.643709, 134
-4.542764, -8.643709, 135
-4.542764, -8.643709, 136
-4.542764, -8.643709, 137
-4.542764, -8.643709, 138
-4.542764, -8.643709, 139
11.87, 0, 1
11.87, 0, 1
11.78391, -0.09229021, 2
11.78391, -0.09229021, 3
4.931827, -2.410117, 4
2.449884, -3.951034, 5
-0.4318619, -4.227372, 6
-2.896262, -5.904058, 7
-4.040248, -7.741135, 8
-4.316394, -8.318115, 9
-4.316394, -8.318115, 10
-4.24693, -8.46385, 11
-4.24693, -8.46385, 12
-3.479029, -9.350644, 13
-1.53416, -9.473509, 14
-0.3944979, -9.720145, 15
0.007400513, -9.540486, 16
-0.0900507, -9.563375, 17
-0.9538584, -9.454721, 18
-0.07812023, -9.561561, 19
-0.07812023, -9.561561, 20
-0.07812023, -9.561561, 21
2.458664, -9.623652, 22
2.458664, -9.623652, 23
2.458664, -9.623652, 24
2.458664, -9.623652, 25
2.458664, -9.623652, 26
11.87, 0, 1
11.87, 0, 2
11.32073, -0.2005871, 3
11.32073, -0.2005871, 4
11.32073, -0.2005871, 5
11.32073, -0.2005871, 6
11.32073, -0.2005871, 7
11.32073, -0.2005871, 8
9.532202, 3.861877, 9
8.339135, 3.898027, 10
8.339135, 3.898027, 11
8.339135, 3.898027, 12
8.339135, 3.898027, 13
8.339135, 3.898027, 14
8.339135, 3.898027, 15
8.339135, 3.898027, 16
8.339135, 3.898027, 17
8.339135, 3.898027, 18
8.339135, 3.898027, 19
8.339135, 3.898027, 20
8.339135, 3.898027, 21
8.339135, 3.898027, 22
11.87, 0, 1
11.87, 0, 2
11.87, 0, 3
11.87, 0, 4
11.87, 0, 5
11.87, 0, 6
11.87, 0, 1
11.87, 0, 2
11.87, 0, 3
11.87, 0, 4
9.408873, -0.6534767, 5
8.92079, -0.937746, 6
8.92079, -0.937746, 7
6.522647, -1.917498, 8
3.704893, -2.589763, 9
1.466337, -3.184952, 10
-1.225949, -4.168932, 11
-3.394811, -6.233696, 12
-4.560853, -8.303741, 13
-4.560853, -8.303741, 14
-4.560853, -8.303741, 15
-5.004968, -8.585606, 16
-4.995631, -8.59153, 17
-4.996743, -8.583333, 18
-4.996743, -8.583333, 19
-4.996743, -8.583333, 20
11.87, 0, 1
11.87, 0, 2
11.87, 0, 3
11.87, 0, 4
11.87, 0, 5
11.87, 0, 6
11.87, 0, 7
11.87, 0, 8
11.87, 0, 1
11.87, 0, 2
11.87, 0, 3
11.87, 0, 4
11.87395, 0.01595453, 5
10.21128, -0.244477, 6
11.09577, 0.3258179, 7
11.21403, -0.1641136, 8
11.21403, -0.1641136, 9
11.21403, -0.1641136, 10
11.21403, -0.1641136, 11
11.21403, -0.1641136, 12
11.21403, -0.1641136, 13
11.21403, -0.1641136, 14
11.35989, 0.1304545, 15
10.72239, -0.2012474, 16
0.8850842, 0.1745854, 17
-7.41748, 0.3762469, 18
-7.41748, 0.3762469, 19
-6.620471, 0.7619645, 20
-6.620471, 0.7619645, 21
-0.9338427, 5.299149, 22
3.309102, 8.426623, 23
3.774423, 7.769919, 24
3.756892, 7.764025, 25
3.257204, 1.581133, 26
-0.1181202, -1.931227, 27
-3.347478, -5.004312, 28
-4.48178, -7.013829, 29
-4.633256, -7.228578, 30
-4.882485, -7.779228, 31
-4.643125, -8.309072, 32
-3.008074, -9.346686, 33
-0.2143326, -9.369391, 34
1.82452, -9.280286, 35
3.812526, -9.553946, 36
5.804893, -9.376496, 37
5.935633, -9.345371, 38
5.950763, -9.325217, 39
4.672489, -9.347, 40
2.063337, -9.235378, 41
-0.579524, -9.319533, 42
-3.069852, -8.909739, 43
-3.168178, -9.773562, 44
-0.5238905, -9.3768, 45
1.731362, -9.651668, 46
2.625588, -9.740051, 47
2.689618, -9.751055, 48
2.179476, -7.677335, 49
3.227842, -4.838132, 50
4.229125, -3.404774, 51
5.423052, -1.702327, 52
4.926155, 0.611719, 53
7.563451, 3.458225, 54
9.768398, 6.782073, 55
9.418017, 9.130424, 56
9.418017, 9.130424, 57
9.418017, 9.130424, 58
9.418017, 9.130424, 59
11.89348, 0.05459456, 1
11.89348, 0.05459456, 2
11.58592, 0.1014296, 3
10.97404, -0.2854309, 4
7.894526, -1.165429, 5
5.766432, -1.899685, 6
3.139096, -3.112945, 7
3.075491, -3.108781, 8
3.075491, -3.108781, 9
0.68, -1.13, 1
0.68, -1.13, 2
0.68, -1.13, 3
0.68, -1.13, 4
0.68, -1.13, 5
0.68, -1.13, 6
0.68, -1.13, 7
0.68, -1.13, 8
0.68, -1.13, 1
0.68, -1.13, 2
0.68, -1.13, 3
0.68, -1.13, 4
0.68, -1.13, 5
0.68, -1.13, 6
0.68, -1.13, 1
0.68, -1.13, 2
0.68, -1.13, 3
0.68, -1.13, 4
0.68, -1.13, 5
0.68, -1.13, 6
0.68, -1.13, 7
0.68, -1.13, 1
0.68, -1.13, 2
0.68, -1.13, 3
0.68, -1.13, 4
0.68, -1.13, 5
0.68, -1.13, 6
0.68, -1.13, 7
0.68, -1.13, 8
0.68, -1.13, 9
0.68, -1.13, 10
0.68, -1.13, 11
0.68, -1.13, 12
0.68, -1.13, 1
0.68, -1.13, 2
0.68, -1.13, 3
0.68, -1.13, 4
0.68, -1.13, 5
0.68, -1.13, 6
0.68, -1.13, 7
0.68, -1.13, 1
0.68, -1.13, 2
0.68, -1.13, 3
0.68, -1.13, 4
0.68, -1.13, 5
0.68, -1.13, 6
0.68, -1.13, 7
0.68, -1.13, 8
0.68, -1.13, 9
0.68, -1.13, 10
0.68, -1.13, 11
0.68, -1.13, 12
0.68, -1.13, 13
0.68, -1.13, 14
0.68, -1.13, 15
0.68, -1.13, 16
0.68, -1.13, 17
0.68, -1.13, 1
0.68, -1.13, 2
0.68, -1.13, 3
0.68, -1.13, 4
0.68, -1.13, 5
0.68, -1.13, 6
0.68, -1.13, 7
0.68, -1.13, 8
0.68, -1.13, 9
0.68, -1.13, 10
0.68, -1.13, 1
0.68, -1.13, 2
0.68, -1.13, 3
0.68, -1.13, 4
0.68, -1.13, 5
0.68, -1.13, 6
0.68, -1.13, 7
0.68, -1.13, 8
0.68, -1.13, 9
0.68, -1.13, 10
0.68, -1.13, 11
0.68, -1.13, 12
0.68, -1.13, 13
0.68, -1.13, 14
0.68, -1.13, 15
0.68, -1.13, 16
0.68, -1.13, 17
0.68, -1.13, 18
0.68, -1.13, 19
0.68, -1.13, 20
0.68, -1.13, 21
0.68, -1.13, 1
0.68, -1.13, 2
0.68, -1.13, 3
0.68, -1.13, 4
0.68, -1.13, 5
0.68, -1.13, 6
0.68, -1.13, 7
0.68, -1.13, 8
0.68, -1.13, 9
0.68, -1.13, 10
0.68, -1.13, 11
0.68, -1.13, 12
0.68, -1.13, 13
0.68, -1.13, 14
0.68, -1.13, 15
0.68, -1.13, 16
0.68, -1.13, 17
0.68, -1.13, 18
0.68, -1.13, 19
0.68, -1.13, 20
0.68, -1.13, 21
0.68, -1.13, 22
0.68, -1.13, 23
0.68, -1.13, 24
0.68, -1.13, 25
0.68, -1.13, 26
0.68, -1.13, 27
0.68, -1.13, 28
0.68, -1.13, 29
0.68, -1.13, 30
0.68, -1.13, 31
0.68, -1.13, 32
0.68, -1.13, 33
0.68, -1.13, 34
0.68, -1.13, 35
0.68, -1.13, 36
0.68, -1.13, 37
0.68, -1.13, 38
0.68, -1.13, 39
0.68, -1.13, 40
0.68, -1.13, 41
0.68, -1.13, 42
0.8616108, -1.041592, 1
0.9930553, -0.7077762, 2
0.9930553, -0.7077762, 3
1.112133, -1.481189, 4
1.177669, -4.378819, 5
1.957305, -6.683683, 6
1.660487, -6.601714, 7
1.633602, -6.768713, 8
1.741551, -5.895573, 9
0.6511177, -2.895422, 10
-0.9065095, -0.4446613, 11
-1.423415, 1.195567, 12
-1.423415, 1.195567, 13
-1.423415, 1.195567, 14
-1.659752, 1.324405, 15
-1.666972, 1.301572, 16
-2.057194, 0.1464182, 17
-2.057194, 0.1464182, 18
-2.095273, 0.1028106, 19
-2.062247, 0.1784174, 20
-2.51701, 0.4498804, 21
-2.51701, 0.4498804, 22
-2.51701, 0.4498804, 23
-2.51701, 0.4498804, 24
-2.51701, 0.4498804, 25
-2.51701, 0.4498804, 26
-2.51701, 0.4498804, 27
-2.51701, 0.4498804, 28
-2.51701, 0.4498804, 29
-2.392164, 0.3593253, 30
-2.392164, 0.3593253, 31
-2.392164, 0.3593253, 32
-2.392164, 0.3593253, 33
-2.392164, 0.3593253, 34
-2.392164, 0.3593253, 35
-2.392164, 0.3593253, 36
-2.392164, 0.3593253, 37
-2.392164, 0.3593253, 38
-2.392164, 0.3593253, 39
-2.392164, 0.3593253, 40
-2.392164, 0.3593253, 41
-2.392164, 0.3593253, 42
-2.392164, 0.3593253, 43
-2.392164, 0.3593253, 44
-2.392164, 0.3593253, 45
-2.392164, 0.3593253, 46
-2.392164, 0.3593253, 47
-2.392164, 0.3593253, 48
-2.392164, 0.3593253, 49
-2.392164, 0.3593253, 50
-2.392164, 0.3593253, 51
-2.059618, 0.1618236, 52
-2.236758, -0.4362942, 53
-2.236833, -0.4190836, 54
-2.95142, 1.385064, 55
-2.95142, 1.385064, 56
-2.95142, 1.385064, 57
-2.95142, 1.385064, 58
-2.95142, 1.385064, 59
-2.95142, 1.385064, 60
-2.95142, 1.385064, 61
-2.95142, 1.385064, 62
-2.95142, 1.385064, 63
-2.95142, 1.385064, 64
-2.95142, 1.385064, 65
-2.95142, 1.385064, 66
-2.95142, 1.385064, 67
-2.95142, 1.385064, 68
-2.95142, 1.385064, 69
-2.95142, 1.385064, 70
-2.95142, 1.385064, 71
0.68, -1.13, 1
0.68, -1.13, 2
0.68, -1.13, 3
0.68, -1.13, 4
0.68, -1.13, 5
0.68, -1.13, 6
0.68, -1.13, 7
0.68, -1.13, 8
0.68, -1.13, 9
0.68, -1.13, 10
0.5401797, -0.9217392, 11
0.5129446, -0.9388508, 12
-1.689798, -0.5866206, 13
-2.348469, 0.8186448, 14
-2.348469, 0.8186448, 15
-2.348469, 0.8186448, 16
-2.348469, 0.8186448, 17
-2.348469, 0.8186448, 18
-2.348469, 0.8186448, 19
-2.348469, 0.8186448, 20
-2.348469, 0.8186448, 21
-2.348469, 0.8186448, 22
-2.348469, 0.8186448, 23
-2.345115, 0.8253042, 24
-2.345115, 0.8253042, 25
-2.345115, 0.8253042, 26
-2.345115, 0.8253042, 27
-2.345115, 0.8253042, 28
-2.345115, 0.8253042, 29
-2.345115, 0.8253042, 30
-2.345115, 0.8253042, 31
0.68, -1.13, 1
0.68, -1.13, 2
0.68, -1.13, 3
0.68, -1.13, 4
0.68, -1.13, 5
0.68, -1.13, 6
0.68, -1.13, 7
0.68, -1.13, 8
0.68, -1.13, 9
0.68, -1.13, 10
0.68, -1.13, 11
0.68, -1.13, 12
0.68, -1.13, 1
0.68, -1.13, 2
0.68, -1.13, 3
0.68, -1.13, 4
0.68, -1.13, 5
0.68, -1.13, 6
0.68, -1.13, 7
0.68, -1.13, 8
0.68, -1.13, 9
0.68, -1.13, 10
0.68, -1.13, 11
0.68, -1.13, 12
0.68, -1.13, 13
0.68, -1.13, 14
0.68, -1.13, 15
0.68, -1.13, 16
0.68, -1.13, 17
0.2482767, -1.304943, 18
0.2594587, -1.289423, 19
-1.859403, 0.2814523, 20
-1.859403, 0.2814523, 21
-1.859403, 0.2814523, 22
-1.859403, 0.2814523, 23
-1.859403, 0.2814523, 24
-1.859403, 0.2814523, 25
-1.859403, 0.2814523, 26
-1.859403, 0.2814523, 27
-1.859403, 0.2814523, 28
-1.859403, 0.2814523, 29
-1.859403, 0.2814523, 30
-1.859403, 0.2814523, 31
-1.859403, 0.2814523, 32
-1.859403, 0.2814523, 33
0.68, -1.13, 1
0.68, -1.13, 2
0.68, -1.13, 3
0.68, -1.13, 4
0.6769229, -1.10296, 1
0.7243317, -1.040051, 2
0.7095595, -0.989671, 3
0.7095595, -0.989671, 4
0.7095595, -0.989671, 5
0.7095595, -0.989671, 6
0.7095595, -0.989671, 7
0.7095595, -0.989671, 8
0.7095595, -0.989671, 9
0.189368, 0.9685384, 10
-0.3843983, 3.966335, 11
-0.825161, 6.977255, 12
-3.482529, 11.97841, 13
-3.994137, 11.96519, 14
-3.773393, 12.72165, 15
-3.794802, 12.76154, 16
-3.151233, 12.76783, 17
-2.191489, 12.63559, 18
-2.191489, 12.63559, 19
-2.191489, 12.63559, 20
-2.191489, 12.63559, 21
-2.191489, 12.63559, 22
-2.191489, 12.63559, 23
-2.191489, 12.63559, 24
-2.191489, 12.63559, 25
-2.191489, 12.63559, 26
-2.79794, 12.75293, 27
-2.888933, 12.30271, 28
-2.998857, 12.94489, 29
-2.998857, 12.94489, 30
-2.998857, 12.94489, 31
-2.655364, 11.54262, 32
-1.74202, 8.900846, 33
-1.368309, 5.955843, 34
-1.50464, 5.235836, 35
-1.49069, 2.767665, 36
-1.932891, 2.477622, 37
-1.346998, 2.253041, 38
-1.550243, 3.11351, 39
-1.55211, 3.120833, 40
-2.645063, 2.806387, 41
-2.563462, 2.903018, 42
-5.138712, 2.587519, 43
-6.003407, 1.160509, 44
-3.871938, 2.537219, 45
-2.386771, 1.023027, 46
-2.386771, 1.023027, 47
-2.508553, 0.8709394, 48
-2.508553, 0.8709394, 49
-2.508553, 0.8709394, 50
-2.508553, 0.8709394, 51
-2.508553, 0.8709394, 52
-2.508553, 0.8709394, 53
-2.508553, 0.8709394, 54
-2.508553, 0.8709394, 55
-2.508553, 0.8709394, 56
-2.508553, 0.8709394, 57
-2.508553, 0.8709394, 58
-2.508553, 0.8709394, 59
-2.508553, 0.8709394, 60
0.16, 0.9, 1
0.16, 0.9, 2
0.16, 0.9, 3
0.16, 0.9, 4
0.1396577, 0.8849069, 5
0.1396577, 0.8849069, 6
0.2542162, 0.9365905, 7
0.2542162, 0.9365905, 8
0.2542162, 0.9365905, 9
0.2542162, 0.9365905, 10
0.2542162, 0.9365905, 11
0.1497035, 0.9371725, 12
-0.1781639, 0.8264948, 13
-0.1535276, 0.7969288, 14
-0.1535276, 0.7969288, 15
-0.1535276, 0.7969288, 16
-0.2685527, 0.8582396, 17
-0.343634, 0.8728529, 18
0.09858549, 0.6522687, 19
0.01633094, -0.07360119, 20
1.115703, -3.050954, 21
0.7924721, -3.868345, 22
0.5955256, -4.078411, 23
1.244337, -5.640154, 24
1.162952, -5.520731, 25
1.115113, -5.487334, 26
1.459638, -5.577952, 27
1.659343, -5.717906, 28
0.9749911, -5.627266, 29
0.312833, -5.354306, 30
-0.4344689, -5.111184, 31
-1.120251, -4.759029, 32
-0.9831238, -4.035594, 33
-1.264916, -3.576623, 34
-1.499476, -2.87183, 35
-2.05429, -2.364879, 36
-1.805535, -1.701651, 37
-1.972723, -0.935714, 38
-2.198436, -0.2080653, 39
-2.243255, 0.3507788, 40
-2.271976, 1.03386, 41
-2.399288, 1.103405, 42
-2.399422, 1.100361, 43
-2.399422, 1.100361, 44
-2.399422, 1.100361, 45
-2.399422, 1.100361, 46
-2.399422, 1.100361, 47
-2.399422, 1.100361, 48
-2.399422, 1.100361, 49
-2.399422, 1.100361, 50
-2.399422, 1.100361, 51
-2.399422, 1.100361, 52
-2.399422, 1.100361, 53
-2.399422, 1.100361, 54
-2.339342, 1.220455, 55
-2.320547, 1.17499, 56
-2.320547, 1.17499, 57
-2.320547, 1.17499, 58
-2.320547, 1.17499, 59
-2.320547, 1.17499, 60
-2.320547, 1.17499, 61
-2.320547, 1.17499, 62
-2.320547, 1.17499, 63
-2.320547, 1.17499, 64
-2.320547, 1.17499, 65
-2.320547, 1.17499, 66
-2.320547, 1.17499, 67
-2.320547, 1.17499, 68
-2.320547, 1.17499, 69
-2.320547, 1.17499, 70
-2.320547, 1.17499, 71
-2.320547, 1.17499, 72
-2.320547, 1.17499, 73
-2.320547, 1.17499, 74
-2.320547, 1.17499, 75
-2.320547, 1.17499, 76
-2.320547, 1.17499, 77
0.16, 0.9, 1
0.16, 0.9, 2
0.16, 0.9, 1
0.16, 0.9, 2
0.16, 0.9, 3
0.16, 0.9, 4
0.16, 0.9, 5
0.16, 0.9, 6
0.16, 0.9, 7
0.16, 0.9, 8
0.16, 0.9, 9
0.16, 0.9, 10
0.16, 0.9, 11
0.16, 0.9, 12
0.16, 0.9, 13
0.16, 0.9, 14
0.16, 0.9, 1
0.08666363, 1.000736, 2
0.08666363, 1.000736, 3
0.08666363, 1.000736, 4
0.08666363, 1.000736, 5
0.08666363, 1.000736, 6
0.08666363, 1.000736, 7
0.08666363, 1.000736, 8
0.08666363, 1.000736, 9
0.08666363, 1.000736, 10
0.08666363, 1.000736, 11
0.08666363, 1.000736, 12
-0.1022227, 1.115972, 13
-0.1640158, 1.073155, 14
-0.2600829, 1.158835, 15
-0.5725247, 1.39997, 16
-1.229523, 1.792408, 17
-1.622491, 2.08405, 18
-2.341918, 1.916172, 19
-2.382879, 1.262406, 20
-2.382879, 1.262406, 21
-2.382879, 1.262406, 22
-2.382879, 1.262406, 23
-2.382879, 1.262406, 24
-2.382879, 1.262406, 25
-2.382879, 1.262406, 26
-2.314468, 1.242179, 27
-2.230297, 1.343893, 28
-2.263768, 1.407426, 29
-2.263768, 1.407426, 30
-2.263768, 1.407426, 31
-2.263768, 1.407426, 32
-2.263768, 1.407426, 33
-2.263768, 1.407426, 34
-2.43073, 1.361467, 35
-2.250811, 1.346897, 36
-2.276345, 1.411435, 37
-2.309342, 1.159775, 38
-2.15301, 1.018304, 39
-1.968467, 0.9761228, 40
-1.600032, 0.9681958, 41
-1.615334, 1.021756, 42
0.3010351, -1.980135, 43
0.2194404, -1.797628, 44
0.2452375, -2.29704, 45
-0.3510058, -1.936057, 46
-0.5191245, -1.194564, 47
-1.901224, -0.02385741, 48
-2.005374, 0.2048668, 49
-2.000093, 0.2821545, 50
-2.085474, 0.7294192, 51
-1.789892, 0.9202333, 52
-1.699089, 1.022186, 53
-1.699089, 1.022186, 54
-1.699089, 1.022186, 55
-1.649166, 1.178372, 56
-1.649166, 1.178372, 57
-1.649166, 1.178372, 58
-1.649166, 1.178372, 59
-1.649166, 1.178372, 60
-1.649166, 1.178372, 61
-1.649166, 1.178372, 62
-1.649166, 1.178372, 63
-1.649166, 1.178372, 64
-1.649166, 1.178372, 65
-1.649166, 1.178372, 66
-1.649166, 1.178372, 67
1.73, -6.06, 1
1.73, -6.06, 2
1.73, -6.06, 3
1.73, -6.06, 4
1.73, -6.06, 5
1.73, -6.06, 6
1.73, -6.06, 7
1.73, -6.06, 8
1.73, -6.06, 9
1.73, -6.06, 10
1.73, -6.06, 11
1.73, -6.06, 12
1.73, -6.06, 13
1.73, -6.06, 14
1.73, -6.06, 15
1.73, -6.06, 1
1.73, -6.06, 2
1.73, -6.06, 3
1.73, -6.06, 4
1.73, -6.06, 5
1.73, -6.06, 6
1.73, -6.06, 7
1.73, -6.06, 8
1.73, -6.06, 1
1.73, -6.06, 2
1.73, -6.06, 3
1.73, -6.06, 4
1.73, -6.06, 5
1.73, -6.06, 6
1.73, -6.06, 7
1.73, -6.06, 8
1.73, -6.06, 9
1.73, -6.06, 10
1.73, -6.06, 11
1.73, -6.06, 12
1.73, -6.06, 13
1.73, -6.06, 14
1.73, -6.06, 15
1.73, -6.06, 16
1.451254, -4.548959, 17
1.557741, -5.023955, 18
1.368815, -5.547317, 19
1.368815, -5.547317, 20
1.368815, -5.547317, 21
1.368815, -5.547317, 22
1.368815, -5.547317, 23
1.349161, -5.546307, 24
1.349161, -5.546307, 25
1.38617, -5.576354, 26
1.360774, -5.589764, 27
1.348362, -5.579928, 28
1.348362, -5.579928, 29
1.348362, -5.579928, 30
1.348362, -5.579928, 31
1.408125, -5.445292, 32
1.408125, -5.445292, 33
1.455855, -4.781292, 34
1.503518, -0.2456975, 35
0.4055609, 2.693593, 36
-0.2918546, 5.3929, 37
-0.4835038, 6.058674, 38
-0.4835038, 6.058674, 39
-0.4250815, 6.269082, 40
-0.4755476, 6.435325, 41
-0.4755476, 6.435325, 42
-0.4755476, 6.435325, 43
-0.5582826, 5.805326, 44
-2.033529, 5.700624, 45
-3.430206, 5.531232, 46
-3.316569, 5.44333, 47
-3.316569, 5.44333, 48
-3.316569, 5.44333, 49
-3.357397, 4.353935, 50
-2.988133, 3.678471, 51
-2.879071, 3.200004, 52
-2.854696, 2.736477, 53
-2.533319, 2.104924, 54
-2.593545, 1.753312, 55
-2.487255, 1.693875, 56
-2.382876, 1.709652, 57
-2.483287, 1.677773, 58
-2.372962, 1.712798, 59
-2.372962, 1.712798, 60
-2.372962, 1.712798, 61
-2.372962, 1.712798, 62
-2.372962, 1.712798, 63
-2.372962, 1.712798, 64
-2.372962, 1.712798, 65
-2.372962, 1.712798, 66
-2.372962, 1.712798, 67
-2.372962, 1.712798, 68
-2.372962, 1.712798, 69
-2.372962, 1.712798, 70
-2.372962, 1.712798, 71
-2.372962, 1.712798, 72
-2.372962, 1.712798, 73
-2.372962, 1.712798, 74
-2.372962, 1.712798, 75
-2.372962, 1.712798, 76
-2.372962, 1.712798, 77
-2.372962, 1.712798, 78
-2.372962, 1.712798, 79
-2.372962, 1.712798, 80
-2.372962, 1.712798, 81
-2.320664, 1.418802, 82
-2.322937, 1.415807, 83
-2.325504, 1.414063, 84
-2.325504, 1.414063, 85
-2.325082, 1.409616, 86
-2.308658, 1.413812, 87
-2.308658, 1.413812, 88
-2.308658, 1.413812, 89
-2.308658, 1.413812, 90
-2.317775, 1.428944, 91
-2.320251, 1.428823, 92
-2.323188, 1.43275, 93
-2.304631, 1.426791, 94
-2.303973, 1.43981, 95
-2.303973, 1.43981, 96
-2.303973, 1.43981, 97
-2.307859, 0.9341669, 98
-2.019001, 0.7719851, 99
-1.918216, 0.7792153, 100
-1.785797, 0.7681489, 101
-1.785797, 0.7681489, 102
-1.785797, 0.7681489, 103
-1.785797, 0.7681489, 104
-1.785797, 0.7681489, 105
-1.785797, 0.7681489, 106
-1.752976, 0.8527551, 107
-1.752976, 0.8527551, 108
-1.752976, 0.8527551, 109
-1.813408, 0.8576651, 110
-1.766748, 0.2348089, 111
-1.771002, -0.2190123, 112
-1.565226, -0.2300863, 113
-1.362253, 0.1331835, 114
-1.42495, 0.5203867, 115
-1.508665, 0.7951746, 116
-1.508665, 0.7951746, 117
-1.508665, 0.7951746, 118
-1.508665, 0.7951746, 119
-1.508665, 0.7951746, 120
-1.508665, 0.7951746, 121
-1.508665, 0.7951746, 122
-1.508665, 0.7951746, 123
-1.508665, 0.7951746, 124
1.73, -6.06, 1
1.73, -6.06, 2
1.73, -6.06, 3
1.73, -6.06, 4
1.73, -6.06, 5
1.73, -6.06, 6
1.73, -6.06, 7
1.73, -6.06, 8
1.73, -6.06, 9
1.73, -6.06, 10
1.73, -6.06, 11
1.73, -6.06, 12
1.73, -6.06, 13
1.73, -6.06, 14
1.73, -6.06, 15
1.73, -6.06, 16
1.73, -6.06, 17
1.73, -6.06, 18
1.73, -6.06, 19
1.73, -6.06, 20
1.73, -6.06, 21
1.73, -6.06, 22
1.73, -6.06, 23
1.73, -6.06, 24
1.73, -6.06, 25
1.73, -6.06, 26
1.73, -6.06, 27
1.73, -6.06, 28
1.73, -6.06, 29
1.73, -6.06, 30
1.73, -6.06, 31
1.73, -6.06, 32
1.73, -6.06, 33
1.73, -6.06, 34
1.73, -6.06, 35
1.73, -6.06, 36
1.73, -6.06, 37
1.73, -6.06, 38
1.73, -6.06, 39
1.73, -6.06, 40
1.73, -6.06, 41
1.73, -6.06, 42
1.73, -6.06, 43
1.73, -6.06, 44
1.73, -6.06, 45
1.73, -6.06, 46
1.73, -6.06, 47
1.73, -6.06, 48
1.73, -6.06, 49
1.73, -6.06, 50
1.73, -6.06, 51
1.73, -6.06, 52
1.73, -6.06, 53
1.73, -6.06, 54
1.73, -6.06, 55
1.73, -6.06, 56
1.73, -6.06, 57
1.73, -6.06, 58
1.73, -6.06, 1
1.73, -6.06, 2
1.73, -6.06, 3
1.73, -6.06, 4
1.73, -6.06, 5
1.73, -6.06, 6
1.73, -6.06, 7
1.73, -6.06, 8
1.73, -6.06, 9
1.73, -6.06, 10
1.73, -6.06, 11
1.73, -6.06, 12
1.73, -6.06, 13
1.73, -6.06, 14
1.73, -6.06, 15
1.73, -6.06, 16
1.73, -6.06, 17
1.73, -6.06, 18
1.73, -6.06, 19
1.73, -6.06, 20
1.73, -6.06, 21
1.73, -6.06, 1
1.73, -6.06, 2
1.746342, -5.973792, 3
1.648642, -6.025643, 4
1.648642, -6.025643, 5
1.648642, -6.025643, 6
1.648642, -6.025643, 7
1.648642, -6.025643, 8
1.648642, -6.025643, 9
1.648642, -6.025643, 10
1.648642, -6.025643, 11
1.648642, -6.025643, 12
1.648642, -6.025643, 13
1.648642, -6.025643, 14
1.648642, -6.025643, 15
1.648642, -6.025643, 16
1.648642, -6.025643, 17
1.648642, -6.025643, 18
1.648642, -6.025643, 19
1.654474, -6.017955, 20
1.750987, -5.858164, 21
1.742529, -5.844145, 22
1.742529, -5.844145, 23
1.694215, -5.51981, 24
1.523232, -4.783329, 25
1.399623, -3.99763, 26
1.310238, -3.240722, 27
1.231488, -2.455724, 28
1.160578, -1.70008, 29
1.096059, -0.9377685, 30
0.9921077, -0.1638222, 31
0.9173474, 0.6023693, 32
0.719646, 1.387993, 33
0.4860187, 2.117685, 34
0.2937007, 2.888302, 35
0.1013752, 3.608614, 36
0.07143593, 3.826167, 37
0.07143593, 3.826167, 38
0.07143593, 3.826167, 39
0.07143593, 3.826167, 40
-0.3087163, 5.204889, 41
-0.3937707, 5.635227, 42
-0.3937707, 5.635227, 43
-0.3532012, 5.915695, 44
-0.4126515, 6.144298, 45
-0.4064045, 6.219424, 46
-0.5025835, 6.369466, 47
-0.5025835, 6.369466, 48
-0.5025835, 6.369466, 49
-0.4979899, 6.347785, 50
-0.4816458, 6.337895, 51
-0.4816458, 6.337895, 52
-0.4816458, 6.337895, 53
-0.5339642, 6.338388, 54
-0.4465709, 6.29714, 55
-0.4146154, 6.167413, 56
-0.4417112, 6.139495, 57
-0.4417112, 6.139495, 58
-0.4417112, 6.139495, 59
-3.299957, 5.474832, 60
-3.38546, 5.228095, 61
-3.132124, 4.632139, 62
-2.995131, 4.132865, 63
-2.798473, 4.653619, 64
-3.004173, 4.986806, 65
-2.860241, 5.198579, 66
-2.870098, 5.194824, 67
-2.870098, 5.194824, 68
-3.349988, 5.134651, 69
-2.828303, 5.002738, 70
-2.920497, 4.999876, 71
-2.972382, 4.957046, 72
-3.235782, 5.099132, 73
-3.057365, 4.296806, 74
-3.056264, 3.542533, 75
-3.009021, 3.172451, 76
-3.009021, 3.172451, 77
-2.926447, 3.149857, 78
-2.694699, 2.632896, 79
-2.529697, 1.883116, 80
-2.320753, 1.165565, 81
-2.454596, 1.213586, 82
-2.480535, 1.221732, 83
-2.493017, 1.245203, 84
-2.493017, 1.245203, 85
-2.493017, 1.245203, 86
-2.493017, 1.245203, 87
-2.493017, 1.245203, 88
-6.177257, -8.312073, 89
-6.18196, -8.447347, 90
-6.029853, -8.425428, 91
-6.17429, -8.552505, 92
-6.252117, -8.628042, 93
-6.223888, -8.677497, 94
-6.158203, -9.077197, 95
-5.992976, -8.677228, 96
-6.785141, -6.53906, 97
-6.791837, -6.528018, 98
-6.791837, -6.528018, 99
-3.642034, -5.857037, 100
-2.953574, -5.732621, 101
-2.335109, -5.418128, 102
-1.71462, -4.872696, 103
-1.639188, -4.087581, 104
-1.60464, -3.273406, 105
-1.659336, -2.459471, 106
-1.753976, -1.702552, 107
-1.849466, -1.000357, 108
-1.899441, -0.3097224, 109
-1.898243, 0.4436555, 110
-2.06719, 0.6757126, 111
-1.717628, 0.9888635, 112
-1.854412, 0.9551525, 113
-1.880583, 0.8557973, 114
-1.880583, 0.8557973, 115
-1.880583, 0.8557973, 116
-1.880583, 0.8557973, 117
-1.880583, 0.8557973, 118
-1.880583, 0.8557973, 119
-1.880583, 0.8557973, 120
-1.880583, 0.8557973, 121
-1.880583, 0.8557973, 122
-1.880583, 0.8557973, 123
-1.857396, 0.8482108, 124
-1.857396, 0.8482108, 125
-1.857396, 0.8482108, 126
-1.857396, 0.8482108, 127
-1.8803, 1.291469, 128
-1.8803, 1.291469, 129
-1.8803, 1.291469, 130
-1.8803, 1.291469, 131
-1.905066, 1.701359, 132
-2.465376, 2.209678, 133
-2.709901, 2.201643, 134
-2.709901, 2.201643, 135
-2.709901, 2.201643, 136
1.73, -6.06, 1
1.522352, -6.010254, 2
1.614982, -5.923715, 3
1.465792, -5.762719, 4
1.455442, -5.802083, 5
1.455442, -5.802083, 6
1.455442, -5.802083, 7
1.455442, -5.802083, 8
1.455442, -5.802083, 9
1.136164, -5.854311, 10
0.9108078, -5.894807, 11
1.590001, -5.963463, 12
1.519781, -5.843398, 13
1.519781, -5.843398, 14
1.519781, -5.843398, 15
1.519781, -5.843398, 16
1.519781, -5.843398, 17
1.519781, -5.843398, 18
1.519781, -5.843398, 19
1.519781, -5.843398, 20
1.519781, -5.843398, 21
1.519781, -5.843398, 22
1.519781, -5.843398, 23
1.519781, -5.843398, 24
1.519781, -5.843398, 25
1.519781, -5.843398, 26
1.519781, -5.843398, 27
1.519781, -5.843398, 28
1.519781, -5.843398, 29
1.519781, -5.843398, 30
1.519781, -5.843398, 31
1.519781, -5.843398, 32
1.519781, -5.843398, 33
1.519781, -5.843398, 34
1.519781, -5.843398, 35
1.519781, -5.843398, 36
1.519781, -5.843398, 37
1.519781, -5.843398, 38
1.519781, -5.843398, 39
1.519781, -5.843398, 40
1.519781, -5.843398, 41
1.519781, -5.843398, 42
1.519781, -5.843398, 43
1.519781, -5.843398, 44
1.519781, -5.843398, 45
1.519781, -5.843398, 46
1.519781, -5.843398, 47
1.519781, -5.843398, 48
1.519781, -5.843398, 49
1.519781, -5.843398, 50
1.519781, -5.843398, 51
1.519781, -5.843398, 52
1.519781, -5.843398, 53
1.519781, -5.843398, 54
1.519781, -5.843398, 55
1.538884, -5.855584, 56
1.325743, -5.802004, 57
0.6218657, -5.661477, 58
-0.08060718, -5.531732, 59
-0.8400795, -5.526831, 60
-1.350918, -5.254308, 61
-1.30881, -4.969675, 62
-1.479965, -4.286546, 63
-1.497201, -3.5184, 64
-1.659166, -2.766253, 65
-1.650185, -2.017876, 66
-1.680891, -1.496923, 67
-1.680891, -1.496923, 68
-1.800115, -1.016101, 69
-1.881171, -0.2913809, 70
-2.232054, 0.4152107, 71
-2.298713, 1.219914, 72
-2.540885, 1.966947, 73
-2.497694, 2.708795, 74
-2.94664, 3.174853, 75
-2.488585, 3.54907, 76
-2.067724, 4.054997, 77
-1.968582, 4.687149, 78
-1.847586, 5.267125, 79
-1.123325, 5.429143, 80
-0.6011641, 5.977401, 81
-0.5302396, 6.365211, 82
-0.5082843, 6.358987, 83
-0.5082843, 6.358987, 84
-0.5082843, 6.358987, 85
-0.5082843, 6.358987, 86
-0.5082843, 6.358987, 87
-0.5082843, 6.358987, 88
-0.5487454, 6.349804, 89
-0.4263427, 6.37224, 90
-0.4292214, 6.350983, 91
-0.5344043, 6.226285, 92
-0.6325333, 6.059669, 93
-0.6325333, 6.059669, 94
-0.6325333, 6.059669, 95
-0.6325333, 6.059669, 96
-0.6325333, 6.059669, 97
-0.6325333, 6.059669, 98
-0.6325333, 6.059669, 99
-3.618871, 5.389968, 100
-3.530706, 5.209054, 101
-3.589712, 4.816489, 102
-3.566926, 4.813547, 103
-3.313196, 4.264131, 104
-3.253801, 4.15574, 105
-3.055822, 3.640266, 106
-2.863878, 3.108292, 107
-2.824617, 2.854867, 108
-2.859193, 2.542572, 109
-2.587022, 2.054292, 110
-2.474929, 1.378053, 111
-2.498439, 1.231808, 112
-2.498439, 1.231808, 113
-2.402637, 1.400052, 114
-2.468143, 1.717587, 115
-2.585266, 1.782225, 116
-2.585266, 1.782225, 117
-2.348968, 1.312624, 118
-2.355622, 0.9260659, 119
-2.356033, 0.9263849, 120
-2.444423, 0.8147058, 121
-2.444423, 0.8147058, 122
-2.455081, 0.7750449, 123
-2.282455, 1.000441, 124
-2.30539, 1.013107, 125
-2.312032, 1.041625, 126
-2.312032, 1.041625, 127
-2.511817, 1.249886, 128
-2.520955, 1.400554, 129
-2.414987, 1.256491, 130
-2.325759, 1.04682, 131
-2.311368, 1.065945, 132
-2.294323, 1.037712, 133
-2.23428, 0.8190026, 134
-2.23428, 0.8190026, 135
-2.12726, 0.7849646, 136
-1.890888, 0.7884102, 137
-1.805227, 0.7750769, 138
-1.810884, 0.9011216, 139
-1.82733, 0.8995905, 140
-1.799597, 0.7735548, 141
-1.799597, 0.7735548, 142
-1.881401, 0.7893891, 143
-1.826391, 0.7794304, 144
-1.184652, 1.013215, 145
-1.184652, 1.013215, 146
-1.184652, 1.013215, 147
-1.187177, 1.347189, 148
-1.216213, 1.364077, 149
-1.216213, 1.364077, 150
-1.150909, 1.099421, 151
-1.256975, 0.7162337, 152
-1.816581, 0.4128389, 153
-1.816581, 0.4128389, 154
-2.218219, 1.246711, 155
-3.047374, 2.150599, 156
-4.257155, 2.584539, 157
-4.257155, 2.584539, 158
-4.660962, 2.562655, 159
-4.906143, 2.094904, 160
-5.086483, 2.379275, 161
-5.022758, 2.515573, 162
-4.923634, 2.533235, 163
-4.923634, 2.533235, 164
-4.923634, 2.533235, 165
-4.923634, 2.533235, 166
-4.923634, 2.533235, 167
-4.923634, 2.533235, 168
-4.923634, 2.533235, 169
-4.923634, 2.533235, 170
-4.923634, 2.533235, 171
-4.923634, 2.533235, 172
-4.923634, 2.533235, 173
3.050255, 9.420149, 174
3.234338, 9.533686, 175
3.846873, 9.946392, 176
4.235334, 10.58739, 177
4.505247, 11.24785, 178
4.517058, 12.00362, 179
4.535218, 12.67311, 180
5.277437, 12.83115, 181
6.02313, 12.98437, 182
6.175316, 13.15965, 183
6.161011, 13.13721, 184
6.094519, 13.13692, 185
5.362687, 13.29527, 186
4.5942, 13.27843, 187
3.842827, 13.26595, 188
3.071049, 13.25782, 189
2.651251, 13.35024, 190
2.531082, 13.42143, 191
2.457434, 13.9332, 192
2.29373, 14.66412, 193
2.137261, 15.28521, 194
2.118202, 15.88914, 195
2.236481, 15.98309, 196
1.804543, 16.29441, 197
1.612402, 16.86729, 198
1.052493, 16.6384, 199
0.8390141, 15.88997, 200
0.8390141, 15.88997, 201
0.8390141, 15.88997, 202
0.4890332, 15.17445, 203
-0.1254863, 14.66918, 204
-0.8707211, 14.3437, 205
-1.514991, 14.18143, 206
-2.274505, 14.10608, 207
-2.563416, 14.06306, 208
-2.482869, 13.90195, 209
-2.403907, 14.057, 210
-2.257873, 14.74047, 211
-1.903417, 15.13801, 212
-1.448567, 15.27503, 213
-1.069681, 15.46328, 214
-1.069681, 15.46328, 215
-1.541923, 15.67155, 216
-2.057603, 15.31735, 217
-2.216963, 14.5961, 218
-3.36087, 9.167206, 219
-4.326069, 4.530931, 220
-4.04404, 4.303009, 221
-4.272886, 3.657167, 222
-3.947678, 2.990252, 223
-4.389113, 2.415618, 224
-4.944882, 1.957306, 225
-5.28735, 1.92592, 226
-5.928462, 1.550803, 227
-8.108339, 0.03782129, 228
-13.54889, -3.786301, 229
-13.82396, -4.084882, 230
-14.22373, -4.013019, 231
-14.89866, -3.622656, 232
-15.60409, -3.792706, 233
-16.39549, -3.762825, 234
-17.15904, -3.738374, 235
-17.88785, -3.814465, 236
-18.5306, -4.116829, 237
-19.14257, -4.507128, 238
-19.56661, -5.109787, 239
-19.63845, -5.281753, 240
-19.57328, -5.970917, 241
-19.75985, -5.929204, 242
-19.96821, -6.092359, 243
1.73, -6.06, 1
1.73, -6.06, 2
1.73, -6.06, 3
1.73, -6.06, 4
1.73, -6.06, 5
1.73, -6.06, 6
1.73, -6.06, 7
1.73, -6.06, 8
1.73, -6.06, 9
1.73, -6.06, 10
1.73, -6.06, 11
1.73, -6.06, 12
1.73, -6.06, 13
1.73, -6.06, 14
1.73, -6.06, 15
1.73, -6.06, 16
1.73, -6.06, 17
1.73, -6.06, 18
1.73, -6.06, 19
1.73, -6.06, 20
1.73, -6.06, 21
1.73, -6.06, 22
1.73, -6.06, 23
1.73, -6.06, 24
1.73, -6.06, 25
1.73, -6.06, 26
1.73, -6.06, 27
1.73, -6.06, 28
1.73, -6.06, 29
1.73, -6.06, 30
1.73, -6.06, 31
1.73, -6.06, 32
1.73, -6.06, 33
1.73, -6.06, 34
1.73, -6.06, 35
1.73, -6.06, 36
1.73, -6.06, 37
1.73, -6.06, 38
1.73, -6.06, 39
1.73, -6.06, 40
1.73, -6.06, 41
1.73, -6.06, 42
1.73, -6.06, 43
1.73, -6.06, 44
1.73, -6.06, 45
1.73, -6.06, 46
1.73, -6.06, 47
1.73, -6.06, 48
1.73, -6.06, 49
1.73, -6.06, 1
1.73, -6.06, 2
1.73, -6.06, 3
1.73, -6.06, 1
1.73, -6.06, 2
1.73, -6.06, 3
1.73, -6.06, 4
1.73, -6.06, 5
1.73, -6.06, 6
1.73, -6.06, 7
1.73, -6.06, 8
1.73, -6.06, 9
1.73, -6.06, 10
1.73, -6.06, 11
1.73, -6.06, 12
1.73, -6.06, 13
1.73, -6.06, 14
1.73, -6.06, 15
1.73, -6.06, 16
1.73, -6.06, 17
1.73, -6.06, 18
1.73, -6.06, 19
1.73, -6.06, 20
1.73, -6.06, 21
1.73, -6.06, 22
1.73, -6.06, 23
1.73, -6.06, 24
1.73, -6.06, 25
1.73, -6.06, 26
1.73, -6.06, 27
1.73, -6.06, 28
1.73, -6.06, 29
1.73, -6.06, 30
1.73, -6.06, 31
1.73, -6.06, 32
1.73, -6.06, 33
1.73, -6.06, 34
1.73, -6.06, 35
1.73, -6.06, 36
1.73, -6.06, 37
1.73, -6.06, 38
1.73, -6.06, 39
1.73, -6.06, 40
1.73, -6.06, 41
1.73, -6.06, 42
1.73, -6.06, 43
1.73, -6.06, 44
1.73, -6.06, 45
1.73, -6.06, 46
1.73, -6.06, 47
1.73, -6.06, 48
1.73, -6.06, 49
1.73, -6.06, 50
1.73, -6.06, 51
1.73, -6.06, 1
1.73, -6.06, 2
1.73, -6.06, 3
1.73, -6.06, 4
1.73, -6.06, 5
1.73, -6.06, 6
1.73, -6.06, 7
1.73, -6.06, 8
1.73, -6.06, 9
1.73, -6.06, 10
1.73, -6.06, 11
1.73, -6.06, 12
1.73, -6.06, 13
1.73, -6.06, 14
1.73, -6.06, 15
1.73, -6.06, 16
1.73, -6.06, 17
1.73, -6.06, 18
1.73, -6.06, 19
1.73, -6.06, 1
1.73, -6.06, 2
1.73, -6.06, 3
1.73, -6.06, 4
1.73, -6.06, 5
1.73, -6.06, 6
1.73, -6.06, 7
1.73, -6.06, 8
1.73, -6.06, 9
1.73, -6.06, 10
1.73, -6.06, 11
1.73, -6.06, 12
1.73, -6.06, 13
1.73, -6.06, 14
1.73, -6.06, 15
1.73, -6.06, 16
1.73, -6.06, 17
1.73, -6.06, 18
1.73, -6.06, 19
1.73, -6.06, 20
1.73, -6.06, 21
1.73, -6.06, 22
1.73, -6.06, 23
1.73, -6.06, 24
1.73, -6.06, 25
1.73, -6.06, 1
1.73, -6.06, 2
1.73, -6.06, 3
1.73, -6.06, 4
1.73, -6.06, 5
1.73, -6.06, 6
1.73, -6.06, 7
1.73, -6.06, 8
1.73, -6.06, 9
1.73, -6.06, 10
1.73, -6.06, 11
1.73, -6.06, 12
1.73, -6.06, 13
1.73, -6.06, 14
1.73, -6.06, 15
1.73, -6.06, 16
1.73, -6.06, 17
1.73, -6.06, 18
1.73, -6.06, 19
1.73, -6.06, 20
1.73, -6.06, 21
1.73, -6.06, 22
1.73, -6.06, 23
1.73, -6.06, 24
1.73, -6.06, 25
1.73, -6.06, 26
1.73, -6.06, 27
1.73, -6.06, 28
1.73, -6.06, 29
1.73, -6.06, 30
1.73, -6.06, 31
1.73, -6.06, 32
1.73, -6.06, 33
1.73, -6.06, 34
1.73, -6.06, 35
1.73, -6.06, 36
1.73, -6.06, 37
1.73, -6.06, 38
1.73, -6.06, 39
1.73, -6.06, 40
1.73, -6.06, 41
1.73, -6.06, 42
1.73, -6.06, 43
1.73, -6.06, 44
1.73, -6.06, 45
1.73, -6.06, 46
1.73, -6.06, 47
1.73, -6.06, 48
1.73, -6.06, 49
1.73, -6.06, 50
1.73, -6.06, 51
1.73, -6.06, 52
1.73, -6.06, 53
1.73, -6.06, 54
1.73, -6.06, 55
1.73, -6.06, 56
1.73, -6.06, 57
1.73, -6.06, 58
1.73, -6.06, 59
1.73, -6.06, 60
1.73, -6.06, 61
1.73, -6.06, 62
1.73, -6.06, 1
1.73, -6.06, 2
1.73, -6.06, 3
1.73, -6.06, 4
1.73, -6.06, 5
1.73, -6.06, 6
1.73, -6.06, 7
1.73, -6.06, 8
1.73, -6.06, 9
1.73, -6.06, 10
1.73, -6.06, 11
1.73, -6.06, 12
1.73, -6.06, 13
1.73, -6.06, 14
1.73, -6.06, 15
1.73, -6.06, 16
1.73, -6.06, 17
1.73, -6.06, 18
1.73, -6.06, 19
1.73, -6.06, 20
1.73, -6.06, 21
1.73, -6.06, 22
1.73, -6.06, 23
1.73, -6.06, 24
1.73, -6.06, 25
1.73, -6.06, 26
1.73, -6.06, 27
1.73, -6.06, 28
1.73, -6.06, 29
1.73, -6.06, 30
1.73, -6.06, 31
1.73, -6.06, 32
1.73, -6.06, 33
1.73, -6.06, 34
1.73, -6.06, 35
1.73, -6.06, 36
1.73, -6.06, 37
1.73, -6.06, 1
1.73, -6.06, 2
1.73, -6.06, 3
1.73, -6.06, 4
1.73, -6.06, 5
1.73, -6.06, 6
1.73, -6.06, 7
1.73, -6.06, 8
1.73, -6.06, 9
1.73, -6.06, 10
1.73, -6.06, 11
1.73, -6.06, 12
1.73, -6.06, 13
1.73, -6.06, 14
1.73, -6.06, 15
1.73, -6.06, 16
1.73, -6.06, 17
1.73, -6.06, 18
1.73, -6.06, 19
1.73, -6.06, 20
1.73, -6.06, 1
1.73, -6.06, 2
1.73, -6.06, 3
1.73, -6.06, 4
1.73, -6.06, 5
1.73, -6.06, 6
1.73, -6.06, 7
1.73, -6.06, 8
1.73, -6.06, 9
1.73, -6.06, 10
1.73, -6.06, 11
1.73, -6.06, 12
1.73, -6.06, 13
1.73, -6.06, 14
1.73, -6.06, 15
1.73, -6.06, 16
1.73, -6.06, 17
1.73, -6.06, 18
1.73, -6.06, 19
1.73, -6.06, 1
1.73, -6.06, 2
1.73, -6.06, 3
1.73, -6.06, 4
1.73, -6.06, 5
1.73, -6.06, 6
1.73, -6.06, 7
1.73, -6.06, 8
1.73, -6.06, 9
1.73, -6.06, 10
1.73, -6.06, 11
1.73, -6.06, 12
1.73, -6.06, 13
1.73, -6.06, 14
1.73, -6.06, 15
1.73, -6.06, 16
1.73, -6.06, 17
1.73, -6.06, 18
1.73, -6.06, 19
1.73, -6.06, 20
1.73, -6.06, 1
1.73, -6.06, 2
1.73, -6.06, 3
1.73, -6.06, 4
1.73, -6.06, 5
1.73, -6.06, 6
1.73, -6.06, 7
1.73, -6.06, 8
1.73, -6.06, 9
1.73, -6.06, 10
1.73, -6.06, 11
1.73, -6.06, 12
1.73, -6.06, 13
1.73, -6.06, 14
1.73, -6.06, 15
1.73, -6.06, 1
1.73, -6.06, 2
1.73, -6.06, 3
1.73, -6.06, 4
1.73, -6.06, 5
1.73, -6.06, 6
1.73, -6.06, 7
1.73, -6.06, 8
1.73, -6.06, 9
1.73, -6.06, 10
1.73, -6.06, 11
1.73, -6.06, 12
1.73, -6.06, 13
1.73, -6.06, 14
1.73, -6.06, 1
1.73, -6.06, 2
1.73, -6.06, 3
1.73, -6.06, 4
1.73, -6.06, 5
1.73, -6.06, 6
1.73, -6.06, 7
1.73, -6.06, 8
1.73, -6.06, 9
1.73, -6.06, 1
1.73, -6.06, 2
1.73, -6.06, 3
1.73, -6.06, 4
1.73, -6.06, 5
1.73, -6.06, 6
1.73, -6.06, 7
1.73, -6.06, 8
1.73, -6.06, 9
1.73, -6.06, 10
1.73, -6.06, 11
1.73, -6.06, 12
1.73, -6.06, 13
1.73, -6.06, 14
1.73, -6.06, 15
1.73, -6.06, 16
1.73, -6.06, 1
1.73, -6.06, 2
1.73, -6.06, 3
1.73, -6.06, 4
1.73, -6.06, 5
1.73, -6.06, 6
1.73, -6.06, 7
1.73, -6.06, 8
1.73, -6.06, 9
1.73, -6.06, 10
1.73, -6.06, 11
1.73, -6.06, 12
1.73, -6.06, 13
1.73, -6.06, 14
1.73, -6.06, 15
1.73, -6.06, 16
1.73, -6.06, 17
1.73, -6.06, 18
1.73, -6.06, 19
1.73, -6.06, 20
1.73, -6.06, 21
1.73, -6.06, 22
1.73, -6.06, 23
1.73, -6.06, 24
1.73, -6.06, 25
1.73, -6.06, 26
1.73, -6.06, 27
1.73, -6.06, 28
1.73, -6.06, 29
1.73, -6.06, 30
1.73, -6.06, 31
1.73, -6.06, 32
1.73, -6.06, 33
1.73, -6.06, 34
1.73, -6.06, 35
1.73, -6.06, 36
11.87, 0, 1
11.87, 0, 2
11.87, 0, 3
11.87, 0, 4
11.87, 0, 5
11.87, 0, 6
11.87, 0, 7
11.87, 0, 8
11.87, 0, 9
11.87, 0, 10
11.87, 0, 11
11.87, 0, 12
11.87, 0, 13
11.87, 0, 14
11.87, 0, 15
11.87, 0, 16
11.87, 0, 17
11.87, 0, 18
11.87, 0, 19
11.87, 0, 20
11.87, 0, 21
11.87, 0, 22
11.87, 0, 23
11.87, 0, 24
11.87, 0, 25
11.87, 0, 26
11.87, 0, 27
11.87, 0, 28
11.87, 0, 29
11.87, 0, 30
11.87, 0, 31
11.87, 0, 32
11.87, 0, 33
11.87, 0, 34
11.87, 0, 35
11.87, 0, 1
11.87, 0, 2
11.87, 0, 3
11.87, 0, 4
11.87, 0, 5
11.87, 0, 6
11.87, 0, 7
11.87, 0, 8
11.87, 0, 9
11.87, 0, 10
11.87, 0, 11
11.87, 0, 12
11.87, 0, 13
11.87, 0, 14
11.87, 0, 15
11.87, 0, 16
11.87, 0, 17
11.87, 0, 18
11.87, 0, 19
11.87, 0, 20
11.87, 0, 21
11.87, 0, 22
11.87, 0, 23
11.87, 0, 24
11.87, 0, 25
11.87, 0, 26
11.87, 0, 27
11.87, 0, 28
11.87, 0, 29
11.87, 0, 30
11.87, 0, 31
11.87, 0, 32
11.87, 0, 33
11.87, 0, 34
11.87, 0, 35
11.87, 0, 36
11.87, 0, 37
11.87, 0, 38
11.87, 0, 39
11.87, 0, 40
11.87, 0, 41
11.87, 0, 42
11.87, 0, 43
11.87, 0, 44
11.87, 0, 45
11.87, 0, 46
11.87, 0, 47
11.87, 0, 48
11.87, 0, 49
11.87, 0, 50
11.87, 0, 51
11.87, 0, 52
11.87, 0, 53
11.87, 0, 54
11.87, 0, 1
11.87, 0, 2
11.87, 0, 3
11.87, 0, 4
11.87, 0, 5
11.87, 0, 6
11.87, 0, 7
11.87, 0, 8
11.87, 0, 9
11.87, 0, 10
11.87, 0, 11
11.87, 0, 12
11.87, 0, 13
11.87, 0, 14
11.87, 0, 15
11.87, 0, 16
11.87, 0, 17
11.87, 0, 18
11.87, 0, 19
11.87, 0, 20
11.87, 0, 21
11.87, 0, 22
11.87, 0, 23
11.87, 0, 24
11.87, 0, 25
11.87, 0, 26
11.87, 0, 27
11.87, 0, 28
11.87, 0, 29
11.87, 0, 1
11.87, 0, 2
11.87, 0, 3
11.87, 0, 4
11.87, 0, 5
11.87, 0, 6
11.87, 0, 7
11.87, 0, 8
11.87, 0, 9
11.87, 0, 10
11.87, 0, 11
11.87, 0, 12
11.87, 0, 13
11.87, 0, 14
11.87, 0, 15
11.87, 0, 16
11.87, 0, 17
11.87, 0, 18
11.87, 0, 19
11.87, 0, 20
11.87, 0, 21
11.87, 0, 22
11.87, 0, 23
11.87, 0, 24
11.87, 0, 25
11.87, 0, 26
11.87, 0, 27
11.87, 0, 28
11.87, 0, 29
11.87, 0, 30
11.87, 0, 31
11.87, 0, 32
11.87, 0, 1
11.87, 0, 2
11.87, 0, 3
11.87, 0, 4
11.87, 0, 5
11.87, 0, 6
11.87, 0, 7
11.87, 0, 8
11.87, 0, 9
11.87, 0, 10
11.87, 0, 11
11.87, 0, 12
11.87, 0, 13
11.87, 0, 14
11.87, 0, 15
11.87, 0, 16
11.87, 0, 17
11.87, 0, 18
11.87, 0, 19
11.87, 0, 20
11.87, 0, 21
11.87, 0, 22
11.87, 0, 23
11.87, 0, 24
11.87, 0, 25
11.87, 0, 26
11.87, 0, 27
11.87, 0, 28
11.87, 0, 29
11.87, 0, 30
11.87, 0, 31
11.87, 0, 32
11.87, 0, 33
11.87, 0, 34
11.87, 0, 35
11.87, 0, 36
11.87, 0, 37
11.87, 0, 38
11.87, 0, 39
11.87, 0, 40
11.87, 0, 41
11.87, 0, 42
11.87, 0, 43
11.87, 0, 44
11.87, 0, 45
11.87, 0, 46
11.87, 0, 47
11.87, 0, 48
11.87, 0, 49
11.87, 0, 50
11.87, 0, 51
11.87, 0, 52
11.87, 0, 53
11.87, 0, 54
11.87, 0, 55
